﻿<?xml version="1.0" encoding="UTF-8" standalone="yes"?>
<addon id="plugin.video.xbmcflicks"
       name="XBMC Flicks - Netflix for XBMC"
       version="1.0.5"
       provider-name="TeamUMX">
    <requires>
        <import addon="xbmc.python" version="1.0"/>
    </requires>
    <extension point="xbmc.python.pluginsource"
               library="default.py">
        <provides>video</provides>
    </extension>
    <extension point="xbmc.addon.metadata">
        <platform>all</platform>
        <summary lang="en">XBMC Flicks</summary>
        <description lang="en">Netflix for XBMC</description>
            </extension>
</addon>
